0,Received from Client,AMDT K0
0,Sent to Client,b'\x02 AMDT 0 0.06952 98.65 296.35 0.35 0 0 0 0.06952 0.00185 24.567 \x03 '
0,Received from Client,AZMW K0
0,Sent to Client,b'\x02 AZMW 0 0.06952 0 0 98.65 0.35 0.82693 296.35 0 300 98.802 97.9608 0 34.56 0.06952 14.18 0.00185 301.939 306.856 309.309 308.924 307.429 326.476 297.717 # # # # # # # # # # \x03 '
0,Received from Client,ASTF K0
0,Sent to Client,b'\x02 ASTF 3 \x03 '
0,Received from Client,ASTF K0
0,Sent to Client,b'\x02 ASTF 3 \x03 '
