0,Received from Client,AMDT K0
0,Sent to Client,b'\x02 AMDT 0 0.06952 98.65 296.35 0.35 0 0 0 0.06952 0.00185 24.567 \x03 '
